PB2_Iceland_Atlantic_Spring,HGS19_TeelinBay_Atlantic_Winter,HGS21_Hebrides_Atlantic_Mixed,HGS18_CelticSea_Atlantic_AutumnWinter,HGS20_CapeWrath_Atlantic_Spring,HGS23_Clyde_Atlantic_Spring,HGS22_CapeWrath_Atlantic_Autumn,HGS17_IsleOfMan_IrishSea_Autumn,HGS16_Orkney_NorthSea_Autumn,HGS10_Downs_EnglishChannel_Winter,HGS25_Lindas_Atlantic_Spring,N_NorthSea_Atlantic_Autumn,HGS27_Gloppen_Atlantic_Spring,HGS26_Lusterfjorden_Atlantic_Spring,HGS11_RingkobingFjord_NorthSea_Spring,HGS24_Landvik_Atlantic_Spring,HGS15_NSSH_Atlantic_Spring,HGS6_Schlei_Baltic_Spring,Q_Norway_Atlantic_Atlantic_Spring,O_Hamburgsund_Atlantic_Spring,PB10_Skagerrak_Atlantic_Spring,H_Fehmarn_Baltic_Autumn,HGS8_KattegatNorth_Atlantic_Spring,PB9_Kattegat_Atlantic_Spring,J_Traslovslage_Baltic_Spring,HGS71_Rugen_Baltic_Spring,TysklandS18_Germany_Baltic,HGS12_BornholmBasin_Baltic_Autumn,PB12_Karlskrona_Baltic_Spring,PN3_CentralBaltic_Baltic_Spring,G_Gamleby_Baltic_Spring,PB11_Kalmar_Baltic_Spring,PB5_Galve_Baltic_Spring,PB4_Hudiksvall_Baltic_Spring,PB1_HastKar_Baltic_Spring,B_Vaxholm_Baltic_Spring,A_Kalix_Baltic_Spring,HGS2_Riga_Baltic_Spring
0,0.0269415578485028,0.0276437707592285,0.0302487348280654,0.0282872764171434,0.0293103122678701,0.0277240178783511,0.0259871742598883,0.0278710962058249,0.0272067670745888,0.0286334381618497,0.0267373678289148,0.0299626371811802,0.0317168785352413,0.0318077965383629,0.0301569606615841,0.0245366531500443,0.0304708133638733,0.0217199940795288,0.0253905190856069,0.0250447511886358,0.0248020139133465,0.0356384149717333,0.0262399157464675,0.0312087570169054,0.0427257147557013,0.0302565734103004,0.0291575413072176,0.028877329362122,0.0295341016951638,0.0297002802301569,0.0275166410665143,0.0308642559521701,0.0268444242750305,0.0307941747415557,0.0291928871654949,0.0297714975194624,0.026209934133524
0.0269415578485028,0,0.0248770393859801,0.0271411962786327,0.0261770873615457,0.027160812144689,0.025186683286272,0.0231622962326183,0.0254836503394608,0.0241102555984655,0.0268514414142646,0.0253562345745278,0.0281991572454029,0.029854691980659,0.0297947695515325,0.0279706778381577,0.0236301871548447,0.0288600366685364,0.0221298027493515,0.0249264467695732,0.0248872763124393,0.0244509725423464,0.0338498878907423,0.0258257799543721,0.0307850156198591,0.0413280763243333,0.0294193406373725,0.0272550609056963,0.0290509711036243,0.0294530500100303,0.0292573339342878,0.0273129551849288,0.0309550362073054,0.0270236934686021,0.0308316112038296,0.0289679416489067,0.0296729528619988,0.0247980195602385
0.0276437707592285,0.0248770393859801,0,0.0278299127012476,0.0268316044023722,0.0278213493206201,0.025328558480817,0.0236794540286314,0.0256708341931871,0.0247239801099516,0.0274145604644282,0.0258401446339122,0.0287760831830616,0.0305241024018324,0.0303150094493842,0.0285469564811439,0.0242587663824191,0.0294289629350203,0.0227712367227065,0.0255552662696639,0.0254281721102624,0.0249689105372474,0.0344034866906392,0.0264904542077273,0.031399458495685,0.0418138830942254,0.0299324808673201,0.0278370233182895,0.0295874071288419,0.0300507925556193,0.0297823675294737,0.0279181839168721,0.0315150262290562,0.0275697124745684,0.0313751419023611,0.0294386907598344,0.0302791215839076,0.0253669044705282
0.0302487348280654,0.0271411962786327,0.0278299127012476,0,0.029215626197631,0.0301712601901532,0.0281413829666605,0.0258769793327773,0.0284876395359896,0.0266692190232355,0.029861515627811,0.0283323421377776,0.0312876975590351,0.0330074009155322,0.0327321316564287,0.0309740222301711,0.0267725363253515,0.0318692539699442,0.0254239490737404,0.0279215835925841,0.0279367505041717,0.0274244412472638,0.0367965711135349,0.0288028425974454,0.033840235120299,0.0443860931202796,0.0323553323736414,0.030395571517715,0.032028838412809,0.0325576879882176,0.0323565906794937,0.0303271254436604,0.0340963701884646,0.0299945317749167,0.0339210320667938,0.0319083315528112,0.0327811723623238,0.027705440777584
0.0282872764171434,0.0261770873615457,0.0268316044023722,0.029215626197631,0,0.0286705177271629,0.0270751483868299,0.025134995911211,0.0274065915811003,0.0260822752485497,0.0283818565551058,0.0273209210192972,0.029616643773769,0.0312579914282671,0.031391784205259,0.0295420388245246,0.0248031300984288,0.0303372459215449,0.0233728234021977,0.0264182745466398,0.026430937874858,0.0260155976585225,0.0354622874823283,0.027452567898194,0.0324193203964703,0.0427895716490204,0.0308791532262752,0.0288792410497894,0.0305340695384616,0.0308948754749906,0.0307292555458869,0.0287990949218925,0.0324420862966203,0.0284457412787887,0.0322647958202435,0.0304251902960583,0.0312352385268037,0.0261672860306781
0.0293103122678701,0.027160812144689,0.0278213493206201,0.0301712601901532,0.0286705177271629,0,0.0281027972077535,0.0258958067647891,0.0284027319718441,0.0270050695901688,0.0290519210720438,0.028148669616449,0.0301709398871556,0.0319961323452587,0.0321060345484246,0.0303818788759236,0.0258718950588624,0.0310362032127333,0.0242652709964435,0.027161385462753,0.0273480530960929,0.0270233105832479,0.035832073708615,0.0283307670045363,0.0331256002166315,0.0432341323999906,0.0318091115460525,0.0299190187591708,0.0315401787893034,0.0318900397611287,0.0316066010289388,0.0298157263504462,0.0334373855778891,0.0294461882279662,0.0331736180249574,0.0312305601052679,0.0320475926851509,0.0269559406693284
0.0277240178783511,0.025186683286272,0.025328558480817,0.0281413829666605,0.0270751483868299,0.0281027972077535,0,0.0238348826214911,0.025615939619576,0.0249251180527835,0.0276295773222761,0.0260921463055535,0.0290039404546719,0.030589418499718,0.0304496363706023,0.0286245091507957,0.0243306978389396,0.0294428853726956,0.0229623011303773,0.025750469007777,0.0255675414946364,0.0251061537499086,0.0345475877085748,0.0266527697300716,0.0313697744101503,0.0418772787311289,0.0300664831155669,0.027939275346321,0.029659371371823,0.0300921578720378,0.0298607712971668,0.0279542743224164,0.0316704329446606,0.0276266795502217,0.0314780243486277,0.0294994828155071,0.0303030550038611,0.0253950428146853
0.0259871742598883,0.0231622962326183,0.0236794540286314,0.0258769793327773,0.025134995911211,0.0258958067647891,0.0238348826214911,0,0.0241855490614793,0.022665093051476,0.0257125062299439,0.0239891398411766,0.0270460897588217,0.0286737701700098,0.0285210406975297,0.0267305469818803,0.0226460275744235,0.0275615311989151,0.0211769833085102,0.0237642935421697,0.0237696522595826,0.0232816051558571,0.0324136451329227,0.0247206656946162,0.0295546250852648,0.0396763060907831,0.0281501830892923,0.0261536643967517,0.0278764644208618,0.0281682603424995,0.027965593779028,0.0261661496666908,0.0297833915099198,0.0258534064253772,0.0295957045547839,0.0276535043637297,0.0284421991127051,0.0236430167266405
0.0278710962058249,0.0254836503394608,0.0256708341931871,0.0284876395359896,0.0274065915811003,0.0284027319718441,0.025615939619576,0.0241855490614793,0,0.0252868738075504,0.027844273841664,0.0261861520045563,0.0291850812411711,0.0308175969425143,0.0306494217475973,0.0288930064152008,0.0243552232526582,0.0296538413381898,0.0230377689326242,0.0258572054377457,0.0258252524252159,0.0251854866447597,0.0347220539637986,0.0267526046358854,0.0315336081393607,0.0419468498780505,0.0302344460097924,0.0281715853289246,0.0298377923776494,0.0302676453269912,0.0299412487970453,0.0281186462179036,0.031739411910294,0.0278102628064593,0.0315707318227989,0.02972237951222,0.0304832069165099,0.0255782122403156
0.0272067670745888,0.0241102555984655,0.0247239801099516,0.0266692190232355,0.0260822752485497,0.0270050695901688,0.0249251180527835,0.022665093051476,0.0252868738075504,0,0.0268474677468207,0.0249303360319693,0.0282848372476104,0.0299220219756771,0.0294220907179443,0.0277987620584403,0.0236846864994032,0.0285575518553503,0.0221828959953824,0.0246450476645748,0.0246624317850313,0.0241204869530192,0.0336037323687236,0.0256142966623264,0.0304571341238347,0.0409919927711173,0.0290905961148524,0.0269978757542438,0.028796755070154,0.0291296770031444,0.0289536638277172,0.0270247386157497,0.0307102968872176,0.0267477083370268,0.0305752868782689,0.0286003539820753,0.0294727493389653,0.0244828668200462
0.0286334381618497,0.0268514414142646,0.0274145604644282,0.029861515627811,0.0283818565551058,0.0290519210720438,0.0276295773222761,0.0257125062299439,0.027844273841664,0.0268474677468207,0,0.0277127326845655,0.0222935925158089,0.0240713157100975,0.0303739005150366,0.027105177742922,0.025181250457027,0.0292668059904776,0.0236604380698437,0.0244520654171231,0.0251972931922,0.0256977430890137,0.0328693459476153,0.0259568736663174,0.0314213653868207,0.0411381012419652,0.0299374458896258,0.0285485259288779,0.0297555490299962,0.0301591051186813,0.0298172257011851,0.0280411792581849,0.0316674200656411,0.0277056736028188,0.0315131231278155,0.0295675408384257,0.0304141435083715,0.0253542847810613
0.0267373678289148,0.0253562345745278,0.0258401446339122,0.0283323421377776,0.0273209210192972,0.028148669616449,0.0260921463055535,0.0239891398411766,0.0261861520045563,0.0249303360319693,0.0277127326845655,0,0.0290404468400641,0.0306860282198196,0.0305049162811644,0.0287547866638219,0.0245582037636545,0.0291706212381766,0.021268424270436,0.0236466707035683,0.024474677101337,0.0231505986557053,0.0338081859626854,0.0254057502706911,0.0295413276935767,0.041117613240571,0.0294626165979222,0.0283178812197562,0.0286457134971328,0.0286428524040729,0.0279326919114514,0.0268012835915608,0.0303034403766572,0.0264524984238251,0.030172045637725,0.0277864633068608,0.0286073368352051,0.0251966375963069
0.0299626371811802,0.0281991572454029,0.0287760831830616,0.0312876975590351,0.029616643773769,0.0301709398871556,0.0290039404546719,0.0270460897588217,0.0291850812411711,0.0282848372476104,0.0222935925158089,0.0290404468400641,0,0.0180746615192631,0.0317107551502656,0.0280796305553678,0.0264511890842201,0.0304402757823713,0.024987873697106,0.0256428118288384,0.0265570566767843,0.0270387668800596,0.0335817330316303,0.0272572394864394,0.0327242005268597,0.0419738738176285,0.0312928871123602,0.029839618209688,0.0311113473055776,0.031508137916269,0.0309793327380224,0.0292818052615142,0.0330242684227701,0.0289268468643509,0.0327097513005347,0.0307446885148395,0.0315251595703039,0.0264653040603631
0.0317168785352413,0.029854691980659,0.0305241024018324,0.0330074009155322,0.0312579914282671,0.0319961323452587,0.030589418499718,0.0286737701700098,0.0308175969425143,0.0299220219756771,0.0240713157100975,0.0306860282198196,0.0180746615192631,0,0.0334518604340691,0.0298705779668245,0.0280759195101932,0.0322564322807117,0.0266520902113388,0.0272927021489218,0.0281264153236997,0.0287117236396821,0.03556405418724,0.0288309735814314,0.0345137923938736,0.0441650748143972,0.0330111008652921,0.0314339843328067,0.0327132207673169,0.0331664105471175,0.0328049364231257,0.030991557283863,0.0346576146979851,0.0306167191768677,0.0344638713691193,0.0325223579422296,0.0332597649332092,0.0281832748503252
0.0318077965383629,0.0297947695515325,0.0303150094493842,0.0327321316564287,0.031391784205259,0.0321060345484246,0.0304496363706023,0.0285210406975297,0.0306494217475973,0.0294220907179443,0.0303739005150366,0.0305049162811644,0.0317107551502656,0.0334518604340691,0,0.027856859386014,0.0282947968447665,0.0261444504693415,0.0267089799198748,0.0263709759467079,0.0266320425010438,0.0272213106958448,0.0346363368171275,0.0254507374847605,0.0295852081821524,0.0391385342693285,0.0272277868003127,0.0300047980797412,0.0305830233896432,0.0307101245140312,0.0305638007991514,0.0282055678458704,0.0324451215804807,0.0284831615163761,0.0323928726479476,0.0303099661049331,0.0311823808592996,0.0258499788048873
0.0301569606615841,0.0279706778381577,0.0285469564811439,0.0309740222301711,0.0295420388245246,0.0303818788759236,0.0286245091507957,0.0267305469818803,0.0288930064152008,0.0277987620584403,0.027105177742922,0.0287547866638219,0.0280796305553678,0.0298705779668245,0.027856859386014,0,0.0266829374958832,0.0262320851824742,0.0252253348726687,0.0249516912843703,0.0253041575230243,0.0261023072075825,0.0327410465851947,0.0246679112078733,0.0292059328935446,0.0385114959895519,0.0270521320844377,0.0287602555008701,0.0296217757350005,0.0298902951807424,0.0294597608158808,0.0273341591076749,0.0315344239179037,0.0275667420921486,0.0312406729524871,0.0291935271939196,0.0302188990491541,0.0248848540626968
0.0245366531500443,0.0236301871548447,0.0242587663824191,0.0267725363253515,0.0248031300984288,0.0258718950588624,0.0243306978389396,0.0226460275744235,0.0243552232526582,0.0236846864994032,0.025181250457027,0.0245582037636545,0.0264511890842201,0.0280759195101932,0.0282947968447665,0.0266829374958832,0,0.0272106359054671,0.0195885857273463,0.0231757317771873,0.0233546312992665,0.0226519976058467,0.032218259022055,0.0243784195952977,0.0291257440003932,0.0392122841496453,0.0277309788998504,0.0255651984514275,0.0271730869749369,0.0275048046660158,0.0275205276183416,0.0255625506096666,0.0289777400147764,0.0249885180878525,0.0288933748763444,0.0271157352521641,0.0277091790991327,0.0230843364777663
0.0304708133638733,0.0288600366685364,0.0294289629350203,0.0318692539699442,0.0303372459215449,0.0310362032127333,0.0294428853726956,0.0275615311989151,0.0296538413381898,0.0285575518553503,0.0292668059904776,0.0291706212381766,0.0304402757823713,0.0322564322807117,0.0261444504693415,0.0262320851824742,0.0272106359054671,0,0.0253707083923283,0.0249096300015082,0.0250011322210764,0.0257721936861834,0.0323377511911521,0.023705720351462,0.0269899886576013,0.0354494538623724,0.024042645647106,0.0288254806004673,0.0290457742658463,0.0291427760227552,0.0288002259980902,0.0264143351748698,0.0308114916479587,0.0268923417404158,0.0307469626382443,0.0286608219839765,0.0295555196206705,0.0237925144945318
0.0217199940795288,0.0221298027493515,0.0227712367227065,0.0254239490737404,0.0233728234021977,0.0242652709964435,0.0229623011303773,0.0211769833085102,0.0230377689326242,0.0221828959953824,0.0236604380698437,0.021268424270436,0.024987873697106,0.0266520902113388,0.0267089799198748,0.0252253348726687,0.0195885857273463,0.0253707083923283,0,0.0198973837995497,0.0204186828260611,0.0194242394184247,0.0302510024233289,0.0215880747086701,0.0260019114920123,0.0370331323906707,0.0254457059409891,0.0241752899496749,0.0244317038365134,0.0246183178089798,0.0243182205136869,0.0229247378902888,0.025989862816036,0.022166540962094,0.0261947310240272,0.0241360853180199,0.0247034866441921,0.0212997372387573
0.0253905190856069,0.0249264467695732,0.0255552662696639,0.0279215835925841,0.0264182745466398,0.027161385462753,0.025750469007777,0.0237642935421697,0.0258572054377457,0.0246450476645748,0.0244520654171231,0.0236466707035683,0.0256428118288384,0.0272927021489218,0.0263709759467079,0.0249516912843703,0.0231757317771873,0.0249096300015082,0.0198973837995497,0,0.0210002734727782,0.0212007068470727,0.0303709109969823,0.0212264961631148,0.0258210228339583,0.0370479168923625,0.0252228007787533,0.0260318501678101,0.0256340454556778,0.0256879452423006,0.0252553932427809,0.0236619594083989,0.0273667608411213,0.0236232479033785,0.0275474442232888,0.0250522257736231,0.0259578867181518,0.0224945432613145
0.0250447511886358,0.0248872763124393,0.0254281721102624,0.0279367505041717,0.026430937874858,0.0273480530960929,0.0255675414946364,0.0237696522595826,0.0258252524252159,0.0246624317850313,0.0251972931922,0.024474677101337,0.0265570566767843,0.0281264153236997,0.0266320425010438,0.0253041575230243,0.0233546312992665,0.0250011322210764,0.0204186828260611,0.0210002734727782,0,0.0218114559518971,0.0310627821906627,0.0211960364719869,0.026456236213661,0.0376415198706545,0.0252005235619013,0.0260361236095295,0.0255503588474254,0.0258791522011817,0.0259278624202898,0.0236508072830343,0.0273056269538033,0.0235087714375875,0.0274915007693137,0.0256618977693793,0.0264569148118188,0.0227508994370748
0.0248020139133465,0.0244509725423464,0.0249689105372474,0.0274244412472638,0.0260155976585225,0.0270233105832479,0.0251061537499086,0.0232816051558571,0.0251854866447597,0.0241204869530192,0.0256977430890137,0.0231505986557053,0.0270387668800596,0.0287117236396821,0.0272213106958448,0.0261023072075825,0.0226519976058467,0.0257721936861834,0.0194242394184247,0.0212007068470727,0.0218114559518971,0,0.0316208060463402,0.0222963302737333,0.0258981601957841,0.0374020722596411,0.025464625913187,0.0234953112664765,0.0238946150814796,0.0241187211798177,0.0236968488358289,0.0223586729235122,0.0257263171271079,0.0219841405355446,0.0257588589119032,0.0235490242964941,0.0240445309446706,0.0212863497942546
0.0356384149717333,0.0338498878907423,0.0344034866906392,0.0367965711135349,0.0354622874823283,0.035832073708615,0.0345475877085748,0.0324136451329227,0.0347220539637986,0.0336037323687236,0.0328693459476153,0.0338081859626854,0.0335817330316303,0.03556405418724,0.0346363368171275,0.0327410465851947,0.032218259022055,0.0323377511911521,0.0302510024233289,0.0303709109969823,0.0310627821906627,0.0316208060463402,0,0.0309963512117736,0.0355761621934584,0.0441482654126304,0.0335829140142555,0.0349962855595669,0.0356191570780122,0.0358483594419129,0.0349587381175303,0.0333417146586583,0.0374547012000693,0.0331826221138237,0.0370548411098027,0.034902201620067,0.0357136342903391,0.0299822016135181
0.0262399157464675,0.0258257799543721,0.0264904542077273,0.0288028425974454,0.027452567898194,0.0283307670045363,0.0266527697300716,0.0247206656946162,0.0267526046358854,0.0256142966623264,0.0259568736663174,0.0254057502706911,0.0272572394864394,0.0288309735814314,0.0254507374847605,0.0246679112078733,0.0243784195952977,0.023705720351462,0.0215880747086701,0.0212264961631148,0.0211960364719869,0.0222963302737333,0.0309963512117736,0,0.025427866828875,0.0363494443072487,0.0238507669391078,0.0265230978155416,0.0255892602454577,0.0258935553411037,0.0258562858763927,0.0234040345905824,0.0272296354479677,0.0234889654405076,0.027549625920138,0.0255143539879575,0.0264522632814897,0.0225425013148162
0.0312087570169054,0.0307850156198591,0.031399458495685,0.033840235120299,0.0324193203964703,0.0331256002166315,0.0313697744101503,0.0295546250852648,0.0315336081393607,0.0304571341238347,0.0314213653868207,0.0295413276935767,0.0327242005268597,0.0345137923938736,0.0295852081821524,0.0292059328935446,0.0291257440003932,0.0269899886576013,0.0260019114920123,0.0258210228339583,0.026456236213661,0.0258981601957841,0.0355761621934584,0.025427866828875,0,0.0386932486371061,0.0263964943909777,0.0307624058043019,0.0296177864524102,0.0297613210826684,0.0292356202555158,0.0271481354507728,0.0315896351029706,0.027751501177625,0.0313650974287022,0.0289908952194858,0.0297676981882279,0.0263107208685964
0.0427257147557013,0.0413280763243333,0.0418138830942254,0.0443860931202796,0.0427895716490204,0.0432341323999906,0.0418772787311289,0.0396763060907831,0.0419468498780505,0.0409919927711173,0.0411381012419652,0.041117613240571,0.0419738738176285,0.0441650748143972,0.0391385342693285,0.0385114959895519,0.0392122841496453,0.0354494538623724,0.0370331323906707,0.0370479168923625,0.0376415198706545,0.0374020722596411,0.0441482654126304,0.0363494443072487,0.0386932486371061,0,0.0359250560303497,0.0410615364096909,0.0411233816207233,0.0411239741738689,0.0404649065361145,0.0383101234908407,0.0430020354620919,0.038645655831467,0.042738018896227,0.0403756710342108,0.0411688655106353,0.035096288818396
0.0302565734103004,0.0294193406373725,0.0299324808673201,0.0323553323736414,0.0308791532262752,0.0318091115460525,0.0300664831155669,0.0281501830892923,0.0302344460097924,0.0290905961148524,0.0299374458896258,0.0294626165979222,0.0312928871123602,0.0330111008652921,0.0272277868003127,0.0270521320844377,0.0277309788998504,0.024042645647106,0.0254457059409891,0.0252228007787533,0.0252005235619013,0.025464625913187,0.0335829140142555,0.0238507669391078,0.0263964943909777,0.0359250560303497,0,0.0289364246069674,0.0282327727084827,0.0285014149964119,0.0285680944980821,0.0257478750224111,0.0301894949926301,0.0263506796211126,0.0301376125046309,0.0283291074687791,0.0291411967107166,0.0239605767319644
0.0291575413072176,0.0272550609056963,0.0278370233182895,0.030395571517715,0.0288792410497894,0.0299190187591708,0.027939275346321,0.0261536643967517,0.0281715853289246,0.0269978757542438,0.0285485259288779,0.0283178812197562,0.029839618209688,0.0314339843328067,0.0300047980797412,0.0287602555008701,0.0255651984514275,0.0288254806004673,0.0241752899496749,0.0260318501678101,0.0260361236095295,0.0234953112664765,0.0349962855595669,0.0265230978155416,0.0307624058043019,0.0410615364096909,0.0289364246069674,0,0.0279018394410601,0.0283213260437908,0.0283481434005053,0.0264534305563169,0.0299441457656505,0.0259109197615877,0.029854547079501,0.0280466428743516,0.028623955981429,0.0239653609494161
0.028877329362122,0.0290509711036243,0.0295874071288419,0.032028838412809,0.0305340695384616,0.0315401787893034,0.029659371371823,0.0278764644208618,0.0298377923776494,0.028796755070154,0.0297555490299962,0.0286457134971328,0.0311113473055776,0.0327132207673169,0.0305830233896432,0.0296217757350005,0.0271730869749369,0.0290457742658463,0.0244317038365134,0.0256340454556778,0.0255503588474254,0.0238946150814796,0.0356191570780122,0.0255892602454577,0.0296177864524102,0.0411233816207233,0.0282327727084827,0.0279018394410601,0,0.0244274204985654,0.0245986806272972,0.0225099002587351,0.0260683537480676,0.0222578264439207,0.0257957624473161,0.0240410796944246,0.0252343320176253,0.0213118337119526
0.0295341016951638,0.0294530500100303,0.0300507925556193,0.0325576879882176,0.0308948754749906,0.0318900397611287,0.0300921578720378,0.0281682603424995,0.0302676453269912,0.0291296770031444,0.0301591051186813,0.0286428524040729,0.031508137916269,0.0331664105471175,0.0307101245140312,0.0298902951807424,0.0275048046660158,0.0291427760227552,0.0246183178089798,0.0256879452423006,0.0258791522011817,0.0241187211798177,0.0358483594419129,0.0258935553411037,0.0297613210826684,0.0411239741738689,0.0285014149964119,0.0283213260437908,0.0244274204985654,0,0.0248309868852884,0.0229307194097875,0.0263609862559034,0.0227543193320296,0.0264899692818105,0.0245738977413978,0.025640613114221,0.0213780843696663
0.0297002802301569,0.0292573339342878,0.0297823675294737,0.0323565906794937,0.0307292555458869,0.0316066010289388,0.0298607712971668,0.027965593779028,0.0299412487970453,0.0289536638277172,0.0298172257011851,0.0279326919114514,0.0309793327380224,0.0328049364231257,0.0305638007991514,0.0294597608158808,0.0275205276183416,0.0288002259980902,0.0243182205136869,0.0252553932427809,0.0259278624202898,0.0236968488358289,0.0349587381175303,0.0258562858763927,0.0292356202555158,0.0404649065361145,0.0285680944980821,0.0283481434005053,0.0245986806272972,0.0248309868852884,0,0.0229786910107677,0.0261734666161201,0.0227542591373085,0.0262565505617671,0.0234675117581857,0.0250583797076808,0.0213954485356512
0.0275166410665143,0.0273129551849288,0.0279181839168721,0.0303271254436604,0.0287990949218925,0.0298157263504462,0.0279542743224164,0.0261661496666908,0.0281186462179036,0.0270247386157497,0.0280411792581849,0.0268012835915608,0.0292818052615142,0.030991557283863,0.0282055678458704,0.0273341591076749,0.0255625506096666,0.0264143351748698,0.0229247378902888,0.0236619594083989,0.0236508072830343,0.0223586729235122,0.0333417146586583,0.0234040345905824,0.0271481354507728,0.0383101234908407,0.0257478750224111,0.0264534305563169,0.0225099002587351,0.0229307194097875,0.0229786910107677,0,0.0245455963819332,0.0210069645356645,0.0244510676360271,0.0224842040877427,0.0237918150155134,0.0198851277000512
0.0308642559521701,0.0309550362073054,0.0315150262290562,0.0340963701884646,0.0324420862966203,0.0334373855778891,0.0316704329446606,0.0297833915099198,0.031739411910294,0.0307102968872176,0.0316674200656411,0.0303034403766572,0.0330242684227701,0.0346576146979851,0.0324451215804807,0.0315344239179037,0.0289777400147764,0.0308114916479587,0.025989862816036,0.0273667608411213,0.0273056269538033,0.0257263171271079,0.0374547012000693,0.0272296354479677,0.0315896351029706,0.0430020354620919,0.0301894949926301,0.0299441457656505,0.0260683537480676,0.0263609862559034,0.0261734666161201,0.0245455963819332,0,0.0236832199170824,0.0278759744321014,0.0259850825491213,0.0272081557352109,0.0231913310797343
0.0268444242750305,0.0270236934686021,0.0275697124745684,0.0299945317749167,0.0284457412787887,0.0294461882279662,0.0276266795502217,0.0258534064253772,0.0278102628064593,0.0267477083370268,0.0277056736028188,0.0264524984238251,0.0289268468643509,0.0306167191768677,0.0284831615163761,0.0275667420921486,0.0249885180878525,0.0268923417404158,0.022166540962094,0.0236232479033785,0.0235087714375875,0.0219841405355446,0.0331826221138237,0.0234889654405076,0.027751501177625,0.038645655831467,0.0263506796211126,0.0259109197615877,0.0222578264439207,0.0227543193320296,0.0227542591373085,0.0210069645356645,0.0236832199170824,0,0.0241028300854716,0.0222978100113921,0.0234004296959307,0.0194644879466319
0.0307941747415557,0.0308316112038296,0.0313751419023611,0.0339210320667938,0.0322647958202435,0.0331736180249574,0.0314780243486277,0.0295957045547839,0.0315707318227989,0.0305752868782689,0.0315131231278155,0.030172045637725,0.0327097513005347,0.0344638713691193,0.0323928726479476,0.0312406729524871,0.0288933748763444,0.0307469626382443,0.0261947310240272,0.0275474442232888,0.0274915007693137,0.0257588589119032,0.0370548411098027,0.027549625920138,0.0313650974287022,0.042738018896227,0.0301376125046309,0.029854547079501,0.0257957624473161,0.0264899692818105,0.0262565505617671,0.0244510676360271,0.0278759744321014,0.0241028300854716,0,0.0257142031893574,0.0269784057725402,0.023203559182008
0.0291928871654949,0.0289679416489067,0.0294386907598344,0.0319083315528112,0.0304251902960583,0.0312305601052679,0.0294994828155071,0.0276535043637297,0.02972237951222,0.0286003539820753,0.0295675408384257,0.0277864633068608,0.0307446885148395,0.0325223579422296,0.0303099661049331,0.0291935271939196,0.0271157352521641,0.0286608219839765,0.0241360853180199,0.0250522257736231,0.0256618977693793,0.0235490242964941,0.034902201620067,0.0255143539879575,0.0289908952194858,0.0403756710342108,0.0283291074687791,0.0280466428743516,0.0240410796944246,0.0245738977413978,0.0234675117581857,0.0224842040877427,0.0259850825491213,0.0222978100113921,0.0257142031893574,0,0.0246736982803076,0.021385297229859
0.0297714975194624,0.0296729528619988,0.0302791215839076,0.0327811723623238,0.0312352385268037,0.0320475926851509,0.0303030550038611,0.0284421991127051,0.0304832069165099,0.0294727493389653,0.0304141435083715,0.0286073368352051,0.0315251595703039,0.0332597649332092,0.0311823808592996,0.0302188990491541,0.0277091790991327,0.0295555196206705,0.0247034866441921,0.0259578867181518,0.0264569148118188,0.0240445309446706,0.0357136342903391,0.0264522632814897,0.0297676981882279,0.0411688655106353,0.0291411967107166,0.028623955981429,0.0252343320176253,0.025640613114221,0.0250583797076808,0.0237918150155134,0.0272081557352109,0.0234004296959307,0.0269784057725402,0.0246736982803076,0,0.0225832218654262
0.026209934133524,0.0247980195602385,0.0253669044705282,0.027705440777584,0.0261672860306781,0.0269559406693284,0.0253950428146853,0.0236430167266405,0.0255782122403156,0.0244828668200462,0.0253542847810613,0.0251966375963069,0.0264653040603631,0.0281832748503252,0.0258499788048873,0.0248848540626968,0.0230843364777663,0.0237925144945318,0.0212997372387573,0.0224945432613145,0.0227508994370748,0.0212863497942546,0.0299822016135181,0.0225425013148162,0.0263107208685964,0.035096288818396,0.0239605767319644,0.0239653609494161,0.0213118337119526,0.0213780843696663,0.0213954485356512,0.0198851277000512,0.0231913310797343,0.0194644879466319,0.023203559182008,0.021385297229859,0.0225832218654262,0
